S.No.,Country,Year_2008-2009_Value,Year_2008-2009_Share,Year_2009-2010_Value,Year_2009-2010_Share,Year_2010-2011_Value,Year_2010-2011_Share,Year_2011-2012_Value,Year_2011-2012_Share,Year_2012-2013_Value,Year_2012-2013_Share,Year_2013-2014_Value,Year_2013-2014_Share,Year_2014-2015_Value,Year_2014-2015_Share,Year_2015-2016_Value,Year_2015-2016_Share,Year_2016-2017_Value,Year_2016-2017_Share,Year_2017-2018_Value,Year_2017-2018_Share,Year_2018-2019_Value,Year_2018-2019_Share,Year_2019-2020_Value,Year_2019-2020_Share,Year_2020-2021_Value,Year_2020-2021_Share,Year_2021-2022_Value,Year_2021-2022_Share,Year_2022-2023_Value,Year_2022-2023_Share,Year_2023-2024_Value,Year_2023-2024_Share,Year_2024-2025_Value,Year_2024-2025_Share
1,AFGHANISTAN,182344.16,0.2169,220362.72,0.2606,192084.44,0.1689,242911.61,0.1657,256913.51,0.1572,287887.63,0.1511,258129.99,0.1361,343603.32,0.2002,339681.55,0.1837,457689.46,0.2339,499237.48,0.2163,708458.49,0.3191,610620.02,0.2828,412904.21,0.1312,349497.81,0.0965,294271.23,0.0813,52978.61,0.0847
2,ALBANIA,5589.7,0.0066,4027.54,0.0048,5227.48,0.0046,6067.02,0.0041,9516.13,0.0058,11452.04,0.006,11864.2,0.0063,15761.32,0.0092,17712.46,0.0096,18899.84,0.0097,25841.91,0.0112,31304.91,0.0141,34619.48,0.016,41040.28,0.013,282091.42,0.0779,955574.35,0.264,10652.75,0.017
3,ALGERIA,299636.27,0.3564,273710.63,0.3237,355787.0,0.3129,399229.96,0.2723,593469.61,0.3631,645013.91,0.3386,649379.34,0.3424,513489.4,0.2992,564343.84,0.3051,530692.45,0.2712,657528.82,0.2849,431687.12,0.1945,439809.69,0.2037,523800.52,0.1664,493476.51,0.1363,702538.33,0.1941,119885.96,0.1916
6,ANGOLA,170381.68,0.2027,300573.43,0.3555,306051.0,0.2692,220531.54,0.1504,265962.37,0.1627,326612.13,0.1714,337765.8,0.1781,145440.44,0.0847,103721.2,0.0561,151360.51,0.0774,197413.38,0.0855,201921.52,0.091,192123.42,0.089,337797.68,0.1073,499169.47,0.1378,578303.97,0.1598,62785.79,0.1004
9,ANTIGUA,1314.82,0.0016,692.58,0.0008,429.26,0.0004,417.89,0.0003,738.06,0.0005,1339.51,0.0007,1278.97,0.0007,1680.01,0.001,1327.55,0.0007,1394.67,0.0007,1886.81,0.0008,1549.69,0.0007,1191.35,0.0006,1846.21,0.0006,2339.83,0.0006,12341.8,0.0034,805.82,0.0013
10,ARGENTINA,160966.71,0.1915,127646.97,0.151,184270.42,0.1621,227644.41,0.1553,294094.08,0.1799,370833.15,0.1947,281084.4,0.1482,350982.49,0.2045,342382.01,0.1851,456702.56,0.2334,391032.85,0.1694,542861.5,0.2445,508761.93,0.2356,1066132.05,0.3388,766711.04,0.2117,899051.77,0.2484,145477.44,0.2325
11,ARMENIA,9221.8,0.011,8755.04,0.0104,8996.24,0.0079,18382.13,0.0125,22043.35,0.0135,44205.11,0.0232,56035.87,0.0295,15001.63,0.0087,20326.52,0.011,21461.84,0.011,18075.61,0.0078,28605.01,0.0129,51462.16,0.0238,20436.52,0.0065,49566.44,0.0137,78813.55,0.0218,24814.53,0.0397
12,ARUBA,900.86,0.0011,699.95,0.0008,679.79,0.0006,1273.99,0.0009,1569.3,0.001,2013.65,0.0011,2378.56,0.0013,4545.62,0.0026,5307.44,0.0029,4152.99,0.0021,6748.33,0.0029,7003.48,0.0032,2069.05,0.001,4639.37,0.0015,11812.97,0.0033,12232.21,0.0034,1561.69,0.0025
13,AUSTRALIA,657633.39,0.7822,655895.11,0.7757,780297.64,0.6863,1199021.98,0.8179,1279380.49,0.7828,1395848.63,0.7327,1700121.25,0.8965,2133079.57,1.2428,1982786.24,1.0721,2585652.49,1.3216,2456008.99,1.0643,2019788.66,0.9099,2992763.87,1.3862,6184104.67,1.9651,5555482.59,1.534,6566764.17,1.8144,858059.5,1.3716
14,AUSTRIA,232281.02,0.2763,120039.04,0.142,269235.05,0.2368,163132.06,0.1113,178811.36,0.1094,203706.98,0.1069,221799.75,0.117,222762.95,0.1298,256859.69,0.1389,296472.88,0.1515,337375.05,0.1462,322884.71,0.1455,335433.26,0.1554,420510.6,0.1336,1017757.23,0.281,941251.24,0.2601,228774.74,0.3657
15,AZERBAIJAN,15910.2,0.0189,14202.1,0.0168,17527.67,0.0154,34981.6,0.0239,47495.03,0.0291,74670.28,0.0392,67597.06,0.0356,21822.15,0.0127,27053.77,0.0146,21713.98,0.0111,30626.95,0.0133,37606.14,0.0169,37621.54,0.0174,27149.22,0.0086,81373.28,0.0225,74289.72,0.0205,11918.07,0.0191
16,BAHAMAS,1034.54,0.0012,411243.13,0.4864,993037.59,0.8734,1056148.6,0.7204,1449976.69,0.8872,130219.34,0.0684,73343.18,0.0387,7892.4,0.0046,3982.13,0.0022,5204.39,0.0027,4258.1,0.0018,43132.02,0.0194,3372.6,0.0016,6011.63,0.0019,10344.33,0.0029,88347.73,0.0244,1217.4,0.0019
17,BAHARAIN IS,131407.49,0.1563,118507.43,0.1402,293276.84,0.2579,211834.41,0.1445,328366.74,0.2009,376321.12,0.1975,289651.42,0.1527,425939.57,0.2482,316258.52,0.171,358885.17,0.1834,521482.4,0.226,396962.47,0.1788,390363.06,0.1808,670604.98,0.2131,778779.62,0.215,754172.95,0.2084,111940.45,0.1789
18,BANGLADESH PR,1131721.47,1.3461,1150106.83,1.3602,1475247.5,1.2975,1838669.09,1.2542,2798257.77,1.7122,3741126.05,1.9638,3944038.17,2.0798,3952725.87,2.3029,4574043.7,2.4732,5553699.44,2.8386,6439152.25,2.7903,5817660.89,2.6207,7150929.35,3.3121,12053472.57,3.8301,9778450.59,2.7001,9161333.1,2.5313,1488646.29,2.3796
19,BARBADOS,1761.65,0.0021,2041.99,0.0024,2482.31,0.0022,3615.88,0.0025,3193.11,0.002,3895.66,0.002,6240.09,0.0033,6896.14,0.004,8294.29,0.0045,8216.93,0.0042,8707.91,0.0038,9043.18,0.0041,8199.99,0.0038,12079.32,0.0038,19252.77,0.0053,15594.73,0.0043,5038.32,0.0081
20,BELARUS,16350.95,0.0194,17968.98,0.0213,16495.8,0.0145,59738.82,0.0408,30111.21,0.0184,32544.21,0.0171,29369.31,0.0155,23474.44,0.0137,26930.16,0.0146,30690.08,0.0157,38997.39,0.0169,39502.18,0.0178,46136.74,0.0214,48682.85,0.0155,35191.95,0.0097,36287.86,0.01,6563.0,0.0105
21,BELGIUM,2030939.59,2.4156,1775704.94,2.1001,2634703.81,2.3173,3420614.59,2.3334,2992640.23,1.8311,3868685.89,2.0308,3371799.1,1.778,3295874.77,1.9202,3791503.93,2.0501,4000724.73,2.0448,4700768.29,2.037,4116419.76,1.8544,3868277.85,1.7917,7522465.09,2.3903,7099803.3,1.9604,6487206.34,1.7924,873490.38,1.3963
22,BELIZE,1312.25,0.0016,1168.78,0.0014,6524.96,0.0057,12548.61,0.0086,12808.5,0.0078,13402.48,0.007,14970.47,0.0079,9512.81,0.0055,10223.37,0.0055,8683.8,0.0044,11885.78,0.0052,10105.61,0.0046,6965.29,0.0032,11382.25,0.0036,12836.57,0.0035,11145.92,0.0031,1959.18,0.0031
23,BENIN,93677.5,0.1114,104637.95,0.1238,119939.62,0.1055,308301.1,0.2103,260476.27,0.1594,463642.15,0.2434,303851.22,0.1602,279795.15,0.163,300124.83,0.1623,308926.03,0.1579,298715.13,0.1294,229743.75,0.1035,410244.92,0.19,534781.14,0.1699,720409.46,0.1989,621582.04,0.1717,133101.34,0.2128
24,BERMUDA,351.17,0.0004,390.76,0.0005,411.33,0.0004,481.18,0.0003,733.53,0.0004,1574.44,0.0008,1667.5,0.0009,1691.08,0.001,2818.77,0.0015,2008.27,0.001,2204.35,0.001,1758.55,0.0008,3310.8,0.0015,4125.44,0.0013,4052.2,0.0011,5038.44,0.0014,614.17,0.001
25,BHUTAN,50927.26,0.0606,56085.31,0.0663,80151.85,0.0705,110440.44,0.0753,126739.17,0.0775,215494.52,0.1131,205102.76,0.1082,306807.74,0.1788,341354.14,0.1846,352001.9,0.1799,459132.95,0.199,523528.64,0.2358,519322.07,0.2405,660458.94,0.2099,866258.27,0.2392,797993.86,0.2205,155901.49,0.2492
26,BOLIVIA,4382.33,0.0052,4617.34,0.0055,7144.33,0.0063,12071.61,0.0082,31193.16,0.0191,32032.9,0.0168,43314.16,0.0228,48653.08,0.0283,53258.88,0.0288,67857.3,0.0347,73487.82,0.0318,80389.39,0.0362,69619.54,0.0322,87736.29,0.0279,61950.03,0.0171,59066.0,0.0163,11044.31,0.0177
27,BOSNIA-HRZGOVIN,2449.17,0.0029,1279.94,0.0015,1450.11,0.0013,2797.58,0.0019,3761.58,0.0023,7040.81,0.0037,10926.73,0.0058,12947.5,0.0075,8794.28,0.0048,9914.39,0.0051,11914.25,0.0052,10848.24,0.0049,11161.27,0.0052,12679.18,0.004,13886.29,0.0038,24217.27,0.0067,2114.2,0.0034
28,BOTSWANA,11704.04,0.0139,10426.09,0.0123,15288.33,0.0134,24181.23,0.0165,28004.85,0.0171,33226.16,0.0174,27079.05,0.0143,34149.14,0.0199,51686.36,0.0279,69840.13,0.0357,125351.91,0.0543,126532.25,0.057,127411.72,0.059,207735.71,0.066,135225.3,0.0373,90420.93,0.025,30713.34,0.0491
29,BR VIRGN IS,17119.26,0.0204,38970.64,0.0461,189.09,0.0002,479.29,0.0003,299.5,0.0002,243.19,0.0001,405.31,0.0002,553.5,0.0003,275.76,0.0001,491.7,0.0003,7263.0,0.0031,351.21,0.0002,188.32,0.0001,267.22,0.0001,366.33,0.0001,528.85,0.0001,262.03,0.0004
30,BRAZIL,1187440.98,1.4124,1136483.36,1.3441,1833586.35,1.6127,2757688.27,1.8811,3287202.2,2.0114,3387063.53,1.778,3634024.19,1.9163,1726086.45,1.0057,1609747.63,0.8704,1974731.34,1.0093,2661743.29,1.1534,2811824.32,1.2667,3136033.79,1.4525,4834955.97,1.5364,7960684.39,2.1981,4980912.58,1.3762,1027995.74,1.6432
32,BULGARIA,33011.76,0.0393,24128.28,0.0285,31736.99,0.0279,52059.37,0.0355,85393.39,0.0523,101801.81,0.0534,163555.97,0.0862,94946.06,0.0553,160506.35,0.0868,111676.56,0.0571,147874.07,0.0641,112420.09,0.0506,126031.82,0.0584,184187.34,0.0585,55771.83,0.0154,55799.83,0.0154,33114.55,0.0529
33,BURKINA FASO,21960.15,0.0261,17337.36,0.0205,20829.94,0.0183,40625.66,0.0277,46830.01,0.0287,62444.72,0.0328,68848.89,0.0363,71610.75,0.0417,77113.28,0.0417,95653.1,0.0489,127193.4,0.0551,109074.68,0.0491,153836.4,0.0713,146552.11,0.0466,170058.28,0.047,185187.44,0.0512,18286.13,0.0292
34,BURUNDI,6494.28,0.0077,5964.6,0.0071,7342.0,0.0065,11665.58,0.008,17719.6,0.0108,18550.24,0.0097,19255.58,0.0102,18999.97,0.0111,24027.12,0.013,24546.01,0.0125,34079.51,0.0148,41435.56,0.0187,47468.24,0.022,45051.97,0.0143,141939.91,0.0392,99983.45,0.0276,5406.67,0.0086
35,C AFRI REP,1122.73,0.0013,2409.5,0.0028,1597.02,0.0014,3051.82,0.0021,4583.9,0.0028,4615.46,0.0024,4735.72,0.0025,6054.76,0.0035,6897.65,0.0037,19251.39,0.0098,19131.15,0.0083,39526.75,0.0178,17567.02,0.0081,15044.04,0.0048,34538.81,0.0095,31804.74,0.0088,2589.63,0.0041
36,CAMBODIA,21507.71,0.0256,21553.19,0.0255,30483.23,0.0268,47753.35,0.0326,60998.6,0.0373,85808.61,0.045,87409.72,0.0461,93502.35,0.0545,70495.74,0.0381,78293.09,0.04,137081.94,0.0594,133176.63,0.06,124752.1,0.0578,148094.49,0.0471,16582.74,0.0046,54002.75,0.0149,25393.4,0.0406
37,CAMEROON,42335.75,0.0504,36388.98,0.043,55157.69,0.0485,95134.46,0.0649,136482.37,0.0835,157035.81,0.0824,152553.47,0.0804,124568.34,0.0726,99824.43,0.054,125015.24,0.0639,124948.32,0.0541,162124.5,0.073,206334.98,0.0956,300937.09,0.0956,177043.2,0.0489,153433.99,0.0424,78817.5,0.126
38,CANADA,624678.79,0.743,532057.94,0.6293,613988.55,0.54,992373.57,0.6769,1108246.48,0.6781,1234403.73,0.648,1343067.75,0.7082,1320679.53,0.7695,1343585.41,0.7265,1615354.01,0.8256,1993563.25,0.8639,2021484.0,0.9106,2191316.23,1.0149,2807081.58,0.892,448317.89,0.1238,375987.25,0.1039,536224.57,0.8572
40,CAPE VERDE IS,175.76,0.0002,330.17,0.0004,226.22,0.0002,219.83,0.0001,513.32,0.0003,869.78,0.0005,2501.95,0.0013,936.52,0.0005,3179.56,0.0017,2594.11,0.0013,3047.34,0.0013,4698.21,0.0021,3187.77,0.0015,4945.46,0.0016,3599.72,0.001,2611.71,0.0007,55012.61,0.0879
41,CAYMAN IS,265.85,0.0003,376.82,0.0004,129.83,0.0001,449.25,0.0003,209.73,0.0001,1937.48,0.001,4030.21,0.0021,2337.23,0.0014,25804.42,0.014,17597.66,0.009,26313.91,0.0114,41727.8,0.0188,43786.46,0.0203,39456.17,0.0125,4566.31,0.0013,5900.33,0.0016,14916.34,0.0238
42,CHAD,7188.97,0.0086,3269.72,0.0039,5441.09,0.0048,18848.49,0.0129,25202.98,0.0154,20156.37,0.0106,24931.28,0.0131,28349.78,0.0165,452188.46,0.2445,492191.03,0.2516,691209.06,0.2995,561173.81,0.2528,595017.21,0.2756,880788.26,0.2799,46302.68,0.0128,66194.67,0.0183,136397.71,0.218
48,COLOMBIA,168762.56,0.2007,184004.33,0.2176,3922.13,0.0034,429357.34,0.2929,496577.53,0.3038,611532.15,0.321,10845.16,0.0057,11166.88,0.0065,90969.45,0.0492,75221.74,0.0384,93316.2,0.0404,80060.37,0.0361,317983.26,0.1473,423430.26,0.1345,32288.85,0.0089,23162.06,0.0064,74849.96,0.1196
49,COMOROS,11732.01,0.014,4396.85,0.0052,3057.76,0.0027,5278.34,0.0036,11255.99,0.0069,8242.06,0.0043,155942.87,0.0822,208515.52,0.1215,99.78,0.0001,115.45,0.0001,188.07,0.0001,222.47,0.0001,81208.48,0.0376,120169.53,0.0382,506600.44,0.1399,480453.1,0.1327,16892.35,0.027
53,COSTA RICA,15711.43,0.0187,15291.43,0.0181,42902.28,0.0377,31618.59,0.0216,40521.13,0.0248,49245.76,0.0259,189741.84,0.1001,260227.48,0.1516,27961.14,0.0151,26951.47,0.0138,24432.11,0.0106,33653.17,0.0152,104974.55,0.0486,370028.05,0.1176,715413.8,0.1975,567330.33,0.1568,33489.84,0.0535
55,CROATIA,39161.66,0.0466,42375.39,0.0501,11627.08,0.0102,54953.24,0.0375,72678.15,0.0445,84231.2,0.0442,22827.66,0.012,35324.65,0.0206,48035.64,0.026,64629.26,0.033,300326.48,0.1301,351948.02,0.1585,66830.07,0.031,104771.39,0.0333,64742.17,0.0179,33288.91,0.0092,12125.06,0.0194
57,CYPRUS,114200.89,0.1358,22192.93,0.0262,98190.7,0.0864,27275.09,0.0186,29990.76,0.0184,37524.13,0.0197,31253.73,0.0165,39062.01,0.0228,464709.55,0.2513,505271.24,0.2583,554923.56,0.2405,223390.43,0.1006,558182.22,0.2585,704095.0,0.2237,943900.13,0.2606,1151136.5,0.3181,122292.53,0.1955
58,CZECH REPUBLIC,83299.38,0.0991,84139.4,0.0995,314241.74,0.2764,130658.51,0.0891,136792.18,0.0837,237060.16,0.1244,230806.98,0.1217,318182.6,0.1854,187975.9,0.1016,242220.12,0.1238,150733.75,0.0653,151036.53,0.068,257017.72,0.119,531948.7,0.169,730921.44,0.2018,708924.86,0.1959,173314.62,0.277
59,DENMARK,267651.55,0.3183,274977.44,0.3252,145274.27,0.1278,361644.04,0.2467,384977.74,0.2356,461023.71,0.242,442504.35,0.2333,451489.34,0.263,150916.89,0.0816,126868.9,0.0648,902.21,0.0004,1530.25,0.0007,154574.53,0.0716,231129.08,0.0734,964245.67,0.2663,947592.84,0.2618,53634.82,0.0857
60,DJIBOUTI,160806.39,0.1913,125780.53,0.1488,37697.56,0.0332,229461.69,0.1565,223755.33,0.1369,184398.49,0.0968,145294.12,0.0766,133357.64,0.0777,1646.47,0.0009,1359.5,0.0007,207885.15,0.0901,179121.22,0.0807,1375.26,0.0006,2088.0,0.0007,264187.37,0.0729,287231.65,0.0794,464.48,0.0007
61,DOMINIC REP,23514.0,0.028,26050.62,0.0308,1126.29,0.001,49070.37,0.0335,59349.22,0.0363,76465.01,0.0401,86326.33,0.0455,114869.71,0.0669,132647.88,0.0717,180423.08,0.0922,2015277.32,0.8733,1772410.12,0.7984,153648.0,0.0712,227380.57,0.0723,2318.38,0.0006,2092.07,0.0006,30592.02,0.0489
62,DOMINICA,1197.18,0.0014,1410.01,0.0017,55276.38,0.0486,1358.64,0.0009,1310.76,0.0008,1476.5,0.0008,1551.62,0.0008,954.12,0.0006,1385513.44,0.7492,1542054.35,0.7882,54873.72,0.0238,56254.85,0.0253,1676019.18,0.7763,2792214.03,0.8873,321623.68,0.0888,380381.86,0.1051,487460.84,0.7792
63,ECUADOR,58350.32,0.0694,42398.2,0.0501,902643.27,0.7939,112362.37,0.0766,143393.38,0.0877,176068.25,0.0924,137504.62,0.0725,100006.38,0.0583,40505.8,0.0219,44780.31,0.0229,8392.19,0.0036,7771.0,0.0035,62113.66,0.0288,120683.6,0.0383,3312344.29,0.9146,2915687.98,0.8056,19817.26,0.0317
64,EGYPT A RP,759464.44,0.9033,663818.34,0.7851,10945.27,0.0096,1173550.17,0.8005,1571394.15,0.9615,1556074.22,0.8168,1844254.03,0.9725,1527181.28,0.8898,7533.8,0.0041,6948.7,0.0036,6198.78,0.0027,4201.1,0.0019,10505.71,0.0049,9266.89,0.0029,101785.82,0.0281,106731.23,0.0295,1875.14,0.003
65,EL SALVADOR,7676.42,0.0091,6313.04,0.0075,5189.45,0.0046,18106.95,0.0124,30487.0,0.0187,39412.89,0.0207,37582.77,0.0198,44820.93,0.0261,2155.15,0.0012,4790.76,0.0024,44955.22,0.0195,46297.55,0.0209,7002.71,0.0032,13119.83,0.0042,18556.44,0.0051,22191.46,0.0061,1353.36,0.0022
66,EQUTL GUINEA,2969.06,0.0035,3616.87,0.0043,11205.75,0.0099,8186.18,0.0056,11594.13,0.0071,10477.45,0.0055,9165.18,0.0048,11590.19,0.0068,65412.32,0.0354,51770.92,0.0265,536426.08,0.2324,565450.88,0.2547,38438.8,0.0178,46301.33,0.0147,14607.38,0.004,8324.2,0.0023,14779.5,0.0236
72,FIJI IS,39679.98,0.0472,12645.99,0.015,116002.55,0.102,17505.01,0.0119,22343.32,0.0137,29510.74,0.0155,30336.16,0.016,28799.37,0.0168,2777.12,0.0015,4098.15,0.0021,3812.69,0.0017,4274.12,0.0019,1312.45,0.0006,1549.08,0.0005,427960.11,0.1182,482563.32,0.1333,298.8,0.0005
73,FINLAND,120559.43,0.1434,98365.49,0.1163,1635.0,0.0014,151226.31,0.1032,172482.58,0.1055,252902.72,0.1328,201776.65,0.1064,162884.62,0.0949,3517869.78,1.9021,3158610.39,1.6144,3657423.29,1.5849,3611160.07,1.6268,4177.05,0.0019,6878.45,0.0022,1208.28,0.0003,1217.7,0.0003,1397.31,0.0022
74,FR GUIANA,17546.61,0.0209,1088.04,0.0013,490.54,0.0004,760.63,0.0005,1814.16,0.0011,21947.98,0.0115,36415.12,0.0192,764.53,0.0004,29042.78,0.0157,29071.83,0.0149,38644.55,0.0167,32205.75,0.0145,3532921.78,1.6363,4960509.68,1.5763,8154.39,0.0023,9931.19,0.0027,1411936.44,2.257
77,FRANCE,1377671.15,1.6386,1799941.28,2.1288,17069.33,0.015,2202080.31,1.5021,2710585.55,1.6585,3095127.32,1.6247,3032342.22,1.599,3032612.4,1.7669,4815370.0,2.6037,5599363.47,2.8619,6220062.92,2.6953,5872261.72,2.6453,73551.05,0.0341,122136.5,0.0388,98596.46,0.0272,145448.63,0.0402,29442.81,0.0471
78,GABON,9922.0,0.0118,11760.52,0.0139,18947.24,0.0167,22704.69,0.0155,29505.18,0.0181,32120.14,0.0169,26027.15,0.0137,24165.8,0.0141,456585.83,0.2469,409801.94,0.2095,500679.01,0.217,437451.54,0.1971,6011271.2,2.7842,7371637.84,2.3424,213194.61,0.0589,163377.13,0.0451,1368544.9,2.1876
79,GAMBIA,14067.84,0.0167,17487.86,0.0207,33182.23,0.0292,30927.64,0.0211,30206.16,0.0185,51572.76,0.0271,44901.8,0.0237,39133.71,0.0228,863154.54,0.4667,187843.67,0.096,401793.41,0.1741,444136.74,0.2001,637869.04,0.2954,826935.6,0.2628,8139690.83,2.2476,8145946.67,2.2507,159631.92,0.2552
80,GEORGIA,33414.71,0.0397,26265.96,0.0311,3071853.52,2.7018,59041.45,0.0403,67454.69,0.0413,55468.6,0.0291,53005.28,0.028,54217.55,0.0316,255015.87,0.1379,279521.64,0.1429,350286.57,0.1518,316193.5,0.1424,153580.65,0.0711,368346.7,0.117,771844.36,0.2131,910343.59,0.2515,87.08,0.0001
88,GUAM,248.38,0.0003,276.17,0.0003,51390.2,0.0452,930.4,0.0006,549.9,0.0003,168.08,0.0001,254.91,0.0001,250.98,0.0001,14520.25,0.0079,6885.33,0.0035,7563.27,0.0033,6363.05,0.0029,371576.11,0.1721,418259.79,0.1329,506360.51,0.1398,576426.57,0.1593,1510.76,0.0024
89,GUATEMALA,36984.11,0.044,41055.31,0.0486,43865.85,0.0386,92124.49,0.0628,122209.92,0.0748,128931.45,0.0677,140099.77,0.0739,167572.42,0.0976,13450.34,0.0073,16778.76,0.0086,20722.28,0.009,17867.03,0.008,13338.59,0.0062,7907.79,0.0025,7953.31,0.0022,5782.01,0.0016,12212.21,0.0195
90,GUINEA,35446.38,0.0422,37671.9,0.0446,1389.09,0.0012,62647.77,0.0427,112040.37,0.0686,123699.44,0.0649,173475.63,0.0915,181824.69,0.1059,47908.5,0.0259,60585.38,0.031,55503.78,0.0241,46474.06,0.0209,26285.88,0.0122,49531.38,0.0157,49984.3,0.0138,82335.33,0.0227,3106.09,0.005
92,GUYANA,5555.41,0.0066,7715.78,0.0091,27536.81,0.0242,10224.29,0.007,11948.98,0.0073,14695.0,0.0077,14946.95,0.0079,14288.06,0.0083,90446.67,0.0489,94251.13,0.0482,116879.29,0.0506,131352.09,0.0592,120428.7,0.0558,236870.5,0.0753,219083.69,0.0605,220142.57,0.0608,774252.55,1.2376
93,HAITI,20342.04,0.0242,15668.16,0.0185,204.9,0.0002,23110.1,0.0158,34679.77,0.0212,35830.56,0.0188,52378.17,0.0276,40614.28,0.0237,9411493.32,5.0889,9467735.08,4.8391,9111741.76,3.9484,7775243.4,3.5026,7520143.29,3.4831,8183452.88,2.6004,7949741.89,2.1951,6829915.45,1.8871,71199.3,0.1138
95,HONDURAS,31588.43,0.0376,21515.76,0.0254,4703841.63,4.1372,44210.05,0.0302,59975.69,0.0367,65530.75,0.0344,114964.94,0.0606,101414.22,0.0591,11209.53,0.0061,3802.22,0.0019,21791.46,0.0094,7144.79,0.0032,8078.4,0.0037,8779.88,0.0028,8378.11,0.0023,10064.36,0.0028,782813.37,1.2513
96,HONG KONG,3039069.39,3.6147,3730053.4,4.4115,96805.13,0.0851,6187723.46,4.2209,6689817.16,4.0933,7724096.13,4.0546,8311857.4,4.3831,7930702.05,4.6206,2340069.18,1.2653,2556175.52,1.3065,3687106.45,1.5977,2929938.37,1.3199,3715668.84,1.721,6319650.22,2.0081,8033518.43,2.2183,4951517.09,1.3681,190180.29,0.304
97,HUNGARY,199667.93,0.2375,128182.66,0.1516,38606.42,0.034,151592.17,0.1034,176180.7,0.1078,207994.28,0.1092,213421.51,0.1125,225839.51,0.1316,53433.43,0.0289,22401.02,0.0114,2446096.07,1.06,2385428.68,1.0746,1321185.17,0.6119,1083117.95,0.3442,1327244.14,0.3665,1011729.0,0.2795,470052.94,0.7514
98,ICELAND,5708.88,0.0068,8015.05,0.0095,2592440.79,2.2801,15984.84,0.0109,14092.77,0.0086,11978.94,0.0063,12200.12,0.0064,12175.99,0.0071,1595527.94,0.8627,1709370.72,0.8737,1250649.91,0.5419,1328659.79,0.5985,1110518.18,0.5144,1796957.8,0.571,2177664.26,0.6013,2776676.46,0.7672,86498.52,0.1383
99,INDONESIA,1157782.95,1.3771,1460463.91,1.7273,1133689.41,0.9971,3210069.61,2.1897,2899608.7,1.7742,2933987.09,1.5401,2467435.24,1.3012,1844606.51,1.0747,745645.13,0.4032,942265.18,0.4816,371498.31,0.161,378331.77,0.1704,416967.58,0.1931,513013.07,0.163,467244.12,0.129,582089.64,0.1608,270925.6,0.4331
101,IRAQ,198127.14,0.2357,226331.18,0.2677,122914.98,0.1081,370849.83,0.253,697277.74,0.4266,552497.27,0.29,2552961.91,1.3463,1817670.99,1.059,2069804.44,1.1192,2168736.36,1.1085,3908778.67,1.6938,3525935.23,1.5884,3499172.02,1.6207,6095957.44,1.9371,6976287.42,1.9263,7255314.3,2.0046,11765.06,0.0188
102,IRELAND,203497.12,0.242,123564.18,0.1461,1328259.52,1.1683,183649.88,0.1253,210291.03,0.1287,250896.7,0.1317,508954.05,0.2684,654975.58,0.3816,3285790.48,1.7766,3680606.5,1.8812,38832.88,0.0168,40204.37,0.0181,47435.64,0.022,60088.9,0.0191,70520.75,0.0195,90376.63,0.025,760355.59,1.2154
106,JAPAN,1380771.3,1.6423,1714278.6,2.0275,220230.43,0.1937,3051134.4,2.0813,3321415.89,2.0323,4125345.29,2.1655,23174.32,0.0122,26349.01,0.0154,350435.01,0.1895,347843.15,0.1778,100411.81,0.0435,143559.84,0.0647,1403083.53,0.6499,1962269.11,0.6235,349939.77,0.0966,195928.53,0.0541,292287.09,0.4672
107,JORDAN,196036.4,0.2332,116368.75,0.1376,78442.53,0.069,397685.72,0.2713,545264.63,0.3336,982730.34,0.5159,3283568.79,1.7315,3043466.66,1.7732,81084.29,0.0438,80791.57,0.0413,1444068.05,0.6258,1493656.89,0.6729,529.68,0.0002,1223.48,0.0004,2628344.06,0.7258,2631294.55,0.727,1376.4,0.0022
108,KAZAKHSTAN,60244.72,0.0717,64821.66,0.0767,994752.69,0.8749,117144.6,0.0799,155913.79,0.0954,158010.1,0.0829,869669.71,0.4586,326542.91,0.1903,1471467.78,0.7956,1272449.44,0.6504,255.04,0.0001,271.69,0.0001,2088.24,0.001,252.65,0.0001,1219.96,0.0003,857.83,0.0002,51.48,0.0001
109,KENYA,614088.18,0.7304,689241.82,0.8152,57.24,0.0001,1098722.12,0.7495,2052569.66,1.2559,2359553.95,1.2386,153244.29,0.0808,99436.67,0.0579,316.09,0.0002,354.91,0.0002,19112.09,0.0083,6374.77,0.0029,3469423.42,1.6069,6034956.81,1.9177,1371.74,0.0004,1700.23,0.0005,730427.64,1.1676
110,KIRIBATI REP,980.0,0.0012,155.9,0.0002,149099.56,0.1311,588.93,0.0004,193.93,0.0001,579.09,0.0003,2514812.7,1.3261,1977751.39,1.1523,30064.1,0.0163,37218.74,0.019,3287796.88,1.4247,3433765.43,1.5468,779650.6,0.3611,926387.69,0.2944,5327534.58,1.4711,5311498.92,1.4676,296759.97,0.4744
111,KOREA DP RP,403661.57,0.4801,199342.66,0.2358,1695280.67,1.4911,110707.74,0.0755,109939.39,0.0673,114325.51,0.06,616.12,0.0003,614.71,0.0004,2843671.65,1.5376,2875143.99,1.4695,931939.98,0.4038,911191.14,0.4105,28605.3,0.0132,24514.12,0.0078,1255482.91,0.3467,1743093.2,0.4816,6147.78,0.0098
112,KOREA RP,1835359.19,2.183,1612681.15,1.9073,844710.02,0.743,2076775.91,1.4167,2287024.72,1.3994,2547092.3,1.337,46805.92,0.0247,72975.63,0.0425,1004665.91,0.5432,880376.02,0.45,20958.62,0.0091,20641.07,0.0093,20338.31,0.0094,10910.88,0.0035,42211.78,0.0117,37847.12,0.0105,1955.45,0.0031
113,KUWAIT,362840.57,0.4316,371037.53,0.4388,11724.66,0.0103,566532.27,0.3865,577829.97,0.3536,643494.47,0.3378,2808473.91,1.481,2304348.38,1.3426,20383.89,0.011,18426.67,0.0094,27505.28,0.0119,17737.65,0.008,76675.76,0.0355,98953.03,0.0314,13660.06,0.0038,10659.24,0.0029,30537.9,0.0488
114,KYRGHYZSTAN,10385.08,0.0124,12691.45,0.015,5943.51,0.0052,14665.64,0.01,19037.86,0.0116,20820.29,0.0109,733290.57,0.3867,816058.94,0.4755,17221.47,0.0093,16116.36,0.0082,81019.65,0.0351,84444.2,0.038,140718.83,0.0652,233794.5,0.0743,151126.24,0.0417,182514.03,0.0504,45416.25,0.0726
115,LAO PD RP,4445.31,0.0053,8120.26,0.0096,47109.61,0.0414,7320.34,0.005,15712.71,0.0096,30499.48,0.016,23053.51,0.0122,16358.34,0.0095,77575.08,0.0419,72290.66,0.0369,187778.4,0.0814,144156.33,0.0649,29531.48,0.0137,8156.82,0.0026,322899.86,0.0892,285446.95,0.0789,1153.14,0.0018
116,LATVIA,20389.3,0.0243,22199.04,0.0263,80295.5,0.0706,46042.07,0.0314,56673.98,0.0347,61732.5,0.0324,41293.77,0.0218,24612.33,0.0143,141206.46,0.0764,165705.11,0.0847,21343.05,0.0092,28794.91,0.013,167157.42,0.0774,184385.38,0.0586,11931.34,0.0033,4609.05,0.0013,66714.67,0.1066
117,LEBANON,61349.66,0.073,62368.92,0.0738,8447.56,0.0074,112040.3,0.0764,136514.9,0.0835,177569.15,0.0932,59963.95,0.0316,51871.24,0.0302,22232.62,0.012,20334.12,0.0104,124880.27,0.0541,154913.93,0.0698,113959.62,0.0528,178919.28,0.0569,208198.54,0.0575,201540.79,0.0557,126029.81,0.2015
118,LESOTHO,15730.64,0.0187,6779.36,0.008,20045.74,0.0176,10132.99,0.0069,10002.71,0.0061,18858.44,0.0099,170847.34,0.0901,157070.28,0.0915,97883.9,0.0529,165815.96,0.0848,110013.84,0.0477,130689.79,0.0589,2791.01,0.0013,1457.72,0.0005,272968.23,0.0754,468320.53,0.1294,226.91,0.0004
119,LIBERIA,13483.02,0.016,13993.12,0.0165,60130.48,0.0529,38003.14,0.0259,69323.17,0.0424,154578.39,0.0811,23436.29,0.0124,19620.37,0.0114,80457.47,0.0435,78655.52,0.0402,2373.48,0.001,3080.85,0.0014,120706.59,0.0559,247049.71,0.0785,241.91,0.0001,730.23,0.0002,41926.47,0.067
120,LIBYA,59829.6,0.0712,105495.91,0.1248,75.17,0.0001,30207.42,0.0206,117077.46,0.0716,173359.68,0.091,126502.11,0.0667,87403.46,0.0509,495.29,0.0003,1798.39,0.0009,89050.98,0.0386,78550.31,0.0354,9325.6,0.0043,10855.92,0.0034,284907.54,0.0787,260445.28,0.072,9157.58,0.0146
122,LITHUANIA,27293.6,0.0325,31131.95,0.0368,8562.6,0.0075,65749.19,0.0449,80253.61,0.0491,63495.23,0.0333,118.48,0.0001,545.58,0.0003,7702.24,0.0042,7342.96,0.0038,728.87,0.0003,4497.59,0.002,17149.69,0.0079,22791.53,0.0072,3520.7,0.001,795.1,0.0002,4632.27,0.0074
123,LUXEMBOURG,5138.89,0.0061,2250.22,0.0027,653.57,0.0006,4316.7,0.0029,4465.16,0.0027,7047.57,0.0037,63100.17,0.0333,57862.2,0.0337,1015.2,0.0005,8945.32,0.0046,13680.56,0.0059,16021.93,0.0072,240657.49,0.1115,262009.77,0.0833,22488.09,0.0062,30339.12,0.0084,31807.62,0.0508
124,MACAO,2580.3,0.0031,19367.34,0.0229,3798.52,0.0033,730.99,0.0005,525.28,0.0003,989.18,0.0005,5886.08,0.0031,5289.88,0.0031,9985.58,0.0054,11205.53,0.0057,138350.36,0.06,213387.08,0.0961,112063.8,0.0519,112158.14,0.0356,425495.22,0.1175,191865.5,0.053,16134.41,0.0258
125,MACEDONIA,4755.99,0.0057,3299.5,0.0039,36046.8,0.0317,4257.45,0.0029,4955.83,0.003,6496.99,0.0034,1464.9,0.0008,1292.1,0.0008,142836.72,0.0772,146907.13,0.0751,141795.37,0.0614,130729.24,0.0589,4497079.07,2.0829,5212357.37,1.6563,92276.15,0.0255,72216.99,0.02,1325750.51,2.1192
126,MADAGASCAR,111534.4,0.1327,41092.14,0.0486,46286.07,0.0407,59759.88,0.0408,83936.82,0.0514,145634.47,0.0764,8888.9,0.0047,8418.61,0.0049,119523.82,0.0646,128649.66,0.0658,4510372.2,1.9545,4510641.9,2.032,145155.52,0.0672,498288.92,0.1583,5726516.72,1.5812,6016559.47,1.6624,79821.96,0.1276
127,MALAWI,40906.58,0.0487,38696.72,0.0458,1767721.05,1.5548,70815.87,0.0483,83362.8,0.051,134331.86,0.0705,102094.85,0.0538,128421.41,0.0748,3504936.02,1.8951,3673820.56,1.8777,155689.22,0.0675,160809.47,0.0724,138270.43,0.064,154597.96,0.0491,383517.44,0.1059,738769.64,0.2041,16696.95,0.0267
128,MALAYSIA,1578036.2,1.8769,1350392.32,1.5971,45554.05,0.0401,1910321.0,1.3031,2414350.85,1.4773,2541360.81,1.334,130660.51,0.0689,115361.87,0.0672,132519.94,0.0717,139866.07,0.0715,91519.41,0.0397,103778.34,0.0468,237157.57,0.1098,356891.57,0.1134,106629.18,0.0294,99089.39,0.0274,36133.19,0.0578
129,MALDIVES,59028.43,0.0702,37849.5,0.0448,29610.36,0.026,59778.57,0.0408,66609.97,0.0408,64298.93,0.0338,3561410.74,1.878,2415933.2,1.4076,72286.95,0.0391,79644.49,0.0407,160644.4,0.0696,147350.94,0.0664,457.85,0.0002,777.38,0.0002,248131.56,0.0685,411447.06,0.1137,89.23,0.0001
130,MALI,17907.49,0.0213,19962.95,0.0236,341332.43,0.3002,47498.73,0.0324,42776.09,0.0262,65862.52,0.0346,93314.67,0.0492,117112.15,0.0682,92233.05,0.0499,126241.12,0.0645,224.57,0.0001,23135.47,0.0104,3148.99,0.0015,4660.34,0.0015,384.19,0.0001,1815.66,0.0005,505.12,0.0008
131,MALTA,48608.92,0.0578,331357.88,0.3919,88.76,0.0001,409210.72,0.2791,216176.3,0.1323,102830.55,0.054,81967.45,0.0432,70780.1,0.0412,96.31,0.0001,9013.07,0.0046,2502.29,0.0011,2686.24,0.0012,65640.47,0.0304,72256.86,0.023,4132.49,0.0011,3802.85,0.0011,17849.88,0.0285
134,MAURITANIA,16367.53,0.0195,14470.53,0.0171,386060.7,0.3396,22417.16,0.0153,22765.75,0.0139,35084.07,0.0184,3753.62,0.002,2943.24,0.0017,591974.06,0.3201,694660.59,0.3551,1960.67,0.0008,2222.49,0.001,2282893.67,1.0574,3298130.37,1.048,4511.34,0.0012,6270.5,0.0017,833788.96,1.3328
136,MEXICO,301051.91,0.3581,281108.28,0.3325,294.0,0.0003,657845.47,0.4487,886219.5,0.5423,1357128.29,0.7124,1164923.05,0.6143,557218.85,0.3246,2320558.91,1.2547,2438432.22,1.2463,235.73,0.0001,373.27,0.0002,8563.88,0.004,6738.17,0.0021,474.84,0.0001,513.32,0.0001,1633.17,0.0026
138,MOLDOVA,3065.25,0.0036,3094.92,0.0037,477.36,0.0004,3574.59,0.0024,4855.41,0.003,6357.72,0.0033,141.26,0.0001,234.39,0.0001,4499.83,0.0024,4603.68,0.0024,1765.71,0.0008,1392.63,0.0006,13996.46,0.0065,19358.09,0.0062,2217.94,0.0006,1954.09,0.0005,4646.69,0.0074
139,MONACO,158.76,0.0002,193.69,0.0002,9417.16,0.0083,252.31,0.0002,408.29,0.0002,186.12,0.0001,5372.72,0.0028,5100.03,0.003,1027.03,0.0006,1252.89,0.0006,15801.11,0.0068,11524.14,0.0052,14811.45,0.0069,16211.7,0.0052,27322.3,0.0075,27451.56,0.0076,24930.68,0.0399
143,MOZAMBIQUE,191948.96,0.2283,169504.92,0.2005,145903.12,0.1283,254681.14,0.1737,232115.6,0.142,232978.98,0.1223,208.84,0.0001,632.86,0.0004,250709.16,0.1356,278912.62,0.1426,753810.07,0.3266,1541061.38,0.6942,573219.7,0.2655,666478.49,0.2118,2012367.7,0.5557,1650459.78,0.456,77573.92,0.124
150,NETHERLANDANTIL,8633.71,0.0103,13947.06,0.0165,7615.25,0.0067,18498.07,0.0126,5737255.76,3.5105,4874447.28,2.5588,2785909.77,1.4691,2555150.62,1.4887,3401704.01,1.8393,4034396.77,2.062,21386.27,0.0093,21239.57,0.0096,8514.49,0.0039,14071.88,0.0045,24920.72,0.0069,17734.81,0.0049,1178.7,0.0019
152,NEW CALEDONIA,2055.12,0.0024,1667.5,0.002,13633.72,0.012,28909.92,0.0197,6858.22,0.0042,5331.01,0.0028,25013.41,0.0132,24258.7,0.0141,5435.65,0.0029,6603.53,0.0034,266096.85,0.1153,268226.99,0.1208,66321.63,0.0307,80065.54,0.0254,438263.8,0.121,445651.76,0.1231,20108.88,0.0321
153,NEW ZEALAND,85696.81,0.1019,121286.29,0.1434,21432.16,0.0189,120885.16,0.0825,164682.02,0.1008,167955.09,0.0882,6590.82,0.0035,3062.61,0.0018,207704.27,0.1123,227455.07,0.1163,37377.99,0.0162,46444.76,0.0209,64261.3,0.0298,68262.79,0.0217,87097.89,0.024,109572.51,0.0303,13289.7,0.0212
154,NICARAGUA,9447.83,0.0112,10956.72,0.013,954166.41,0.8392,21901.32,0.0149,32283.53,0.0198,36100.62,0.019,196894.8,0.1038,201459.73,0.1174,57825.13,0.0313,56278.31,0.0288,66470.54,0.0288,51922.77,0.0234,2315237.9,1.0723,3474512.68,1.1041,67549.78,0.0187,38991.83,0.0108,358169.7,0.5725
167,PARAGUAY,17636.87,0.021,17519.71,0.0207,400462.19,0.3522,32298.93,0.022,45107.57,0.0276,53946.34,0.0283,65379.65,0.0345,64314.29,0.0375,993278.4,0.5371,1091041.17,0.5576,1218940.56,0.5282,1081522.14,0.4872,1221246.97,0.5656,2030564.01,0.6452,1680070.34,0.4639,1736519.61,0.4798,162802.3,0.2602
169,PHILIPPINES,337935.11,0.4019,354650.05,0.4194,302942.35,0.2664,476321.82,0.3249,646549.08,0.3956,861017.68,0.452,853140.02,0.4499,887190.72,0.5169,803029.85,0.4342,993438.72,0.5078,1100446.09,0.4769,1096713.86,0.494,115422.22,0.0535,207757.85,0.066,1862284.79,0.5142,2016667.89,0.5572,235746.8,0.3768
171,POLAND,234698.64,0.2792,199041.83,0.2354,29497.44,0.0259,376889.18,0.2571,441237.41,0.27,604016.08,0.3171,388729.75,0.205,386607.81,0.2252,70891.31,0.0383,50303.54,0.0257,97078.12,0.0421,96520.52,0.0435,32509.05,0.0151,43731.4,0.0139,213852.94,0.0591,116239.73,0.0321,137181.98,0.2193
172,PORTUGAL,199195.84,0.2369,176883.87,0.2092,170914.44,0.1503,250161.61,0.1706,287387.33,0.1758,380859.86,0.1999,60755.41,0.032,75547.87,0.044,526164.24,0.2845,948771.97,0.4849,1124421.98,0.4872,899529.59,0.4052,274661.67,0.1272,441558.39,0.1403,1580100.45,0.4363,1407972.73,0.389,693194.62,1.1081
173,PUERTO RICO,30438.24,0.0362,41607.61,0.0492,17397.65,0.0153,49572.25,0.0338,57991.13,0.0355,55048.05,0.0289,644294.18,0.3398,589913.16,0.3437,27588.33,0.0149,29899.43,0.0153,32934.59,0.0143,28469.49,0.0128,1964970.48,0.9101,2423279.92,0.77,38017.22,0.0105,37522.57,0.0104,16793.63,0.0268
176,ROMANIA,228655.44,0.272,157495.59,0.1863,14739.85,0.013,128460.53,0.0876,154176.26,0.0943,173074.11,0.0909,1282356.22,0.6762,1040893.51,0.6064,59032.58,0.0319,58406.13,0.0299,101882.53,0.0441,87821.67,0.0396,2000.05,0.0009,1044.35,0.0003,115459.6,0.0319,110470.45,0.0305,171.93,0.0003
182,SAUDI ARAB,2294014.13,2.7285,1855230.35,2.1942,12295.18,0.0108,2720819.82,1.856,488.26,0.0003,558.88,0.0003,6802968.33,3.5874,4171203.04,2.4302,424647.28,0.2296,466840.96,0.2386,446080.92,0.1933,338825.33,0.1526,40948.68,0.019,33524.71,0.0107,911452.81,0.2517,776052.47,0.2144,48860.37,0.0781
183,SENEGAL,66069.08,0.0786,89332.24,0.1057,24654.74,0.0217,178241.95,0.1216,5324443.04,3.2579,7386393.58,3.8773,317315.94,0.1673,366106.26,0.2133,33563.28,0.0181,38055.09,0.0195,50658.02,0.022,59371.12,0.0267,112386.43,0.0521,133151.65,0.0423,66415.23,0.0183,88482.05,0.0244,2160749.64,3.454
184,SEYCHELLES,41355.12,0.0492,9504.44,0.0112,4473173.31,3.9343,16674.71,0.0114,267321.84,0.1636,258006.51,0.1354,25865.28,0.0136,28297.52,0.0165,24110.44,0.013,27125.53,0.0139,58633.27,0.0254,47968.93,0.0216,6438216.92,2.982,8301294.51,2.6378,52144.85,0.0144,63089.21,0.0174,400.54,0.0006
186,SINGAPORE,3775688.18,4.4908,3594829.7,4.2516,85230.28,0.075,8036299.98,5.4819,21111.49,0.0129,30852.01,0.0162,49267.81,0.026,59457.02,0.0346,6411508.51,3.4667,6578930.91,3.3626,8094224.79,3.5074,6302692.37,2.8392,115333.49,0.0534,127543.53,0.0405,9618496.34,2.6559,11939242.02,3.2988,80367.65,0.1285
188,SLOVENIA,73298.14,0.0872,91744.36,0.1085,40621.27,0.0357,108597.55,0.0741,7399496.63,4.5276,7496620.27,3.9352,83687.63,0.0441,89899.81,0.0524,97951.02,0.053,98261.68,0.0502,101963.44,0.0442,98144.51,0.0442,1218.31,0.0006,1379.83,0.0004,152851.52,0.0422,159783.45,0.0441,106769.74,0.1707
189,SOLOMON IS,408.87,0.0005,443.5,0.0005,1788466.08,1.573,576.15,0.0004,58234.13,0.0356,63120.16,0.0331,150260.67,0.0792,173628.57,0.1012,168650.48,0.0912,183188.25,0.0936,219635.21,0.0952,235877.2,0.1063,410482.13,0.1901,555705.3,0.1766,491400.52,0.1357,485870.85,0.1342,1209738.2,1.9338
190,SOMALIA,30883.97,0.0367,8282.32,0.0098,1168259.91,1.0275,71097.63,0.0485,149474.91,0.0915,127661.24,0.067,3222.72,0.0017,1787.76,0.001,1542.97,0.0008,823.6,0.0004,1789.42,0.0008,1435.8,0.0006,2907507.88,1.3467,4535311.16,1.4411,2158.18,0.0006,2476.01,0.0007,3233.59,0.0052
191,SOUTH AFRICA,899429.11,1.0698,975125.38,1.1533,1595089.35,1.4029,2272965.55,1.5505,826.53,0.0005,1246.5,0.0007,215736.09,0.1138,319004.63,0.1859,337900.53,0.1827,293485.63,0.15,377208.19,0.1635,414335.12,0.1866,16937.96,0.0078,20054.0,0.0064,761248.09,0.2102,679001.11,0.1876,661835.41,1.0579
192,SPAIN,1138792.36,1.3545,960376.26,1.1358,83.38,0.0001,1436677.78,0.98,99176.32,0.0607,128726.06,0.0676,3236326.24,1.7066,2340660.73,1.3637,2377797.85,1.2857,2465980.41,1.2604,2833396.89,1.2278,2911431.12,1.3115,2396170.03,1.1098,3524400.15,1.1199,6787323.04,1.8741,7208657.83,1.9917,595987.85,0.9527
193,SRI LANKA DSR,1089497.01,1.2959,1028960.86,1.2169,335.73,0.0003,2095145.8,1.4292,2780338.15,1.7012,3076994.55,1.6152,1925068.35,1.0151,2121294.92,1.2359,2187.11,0.0012,2280.08,0.0012,7358.86,0.0032,14252.47,0.0064,2585729.09,1.1976,4333369.93,1.377,26150.1,0.0072,34542.26,0.0095,79.77,0.0001
202,SWEDEN,257963.42,0.3068,225192.81,0.2663,223935.08,0.197,395277.85,0.2696,16514.22,0.0101,14597.87,0.0077,24595.39,0.013,38746.9,0.0226,502101.2,0.2715,530258.97,0.271,643454.38,0.2788,779108.26,0.351,564562.17,0.2615,772488.35,0.2455,9866.33,0.0027,24185.93,0.0067,163948.82,0.2621
205,TAIWAN,668173.16,0.7947,881271.49,1.0423,670141.48,0.5894,1598615.65,1.0905,607906.98,0.372,1073696.16,0.5636,114530.36,0.0604,89609.84,0.0522,475408.04,0.2571,497237.23,0.2541,13347.82,0.0058,13192.95,0.0059,1200649.37,0.5561,2055115.69,0.653,772058.5,0.2132,843613.8,0.2331,250313.16,0.4001
206,TAJIKISTAN,7630.08,0.0091,7452.33,0.0088,1034625.66,0.91,10199.74,0.007,140587.13,0.086,140901.85,0.074,1333672.7,0.7033,932864.15,0.5435,654302.22,0.3538,698697.94,0.3571,553490.49,0.2398,530066.73,0.2388,39496.21,0.0183,26405.02,0.0084,1081303.68,0.2986,1263803.95,0.3492,5399.13,0.0086
207,TANZANIA REP,472958.89,0.5625,436964.46,0.5168,245841.88,0.2162,769675.43,0.525,1655512.26,1.013,1206046.97,0.6331,32806.86,0.0173,14549.47,0.0085,81675.79,0.0442,98851.74,0.0505,829176.86,0.3593,850529.75,0.3831,1064420.68,0.493,1722386.07,0.5473,83554.02,0.0231,52271.08,0.0144,605891.32,0.9685
208,THAILAND,872399.5,1.0376,822762.26,0.9731,93209.83,0.082,1425353.49,0.9723,19135.95,0.0117,32728.04,0.0172,1513271.05,0.798,1080038.12,0.6293,1466603.92,0.793,1389930.89,0.7104,108091.89,0.0468,112993.85,0.0509,3130061.95,1.4497,4289767.75,1.3631,2110663.58,0.5828,1523600.84,0.421,633119.31,1.012
209,TIMOR LESTE,422.42,0.0005,577.85,0.0007,6724.13,0.0059,3740.24,0.0026,1173292.05,0.7179,2090708.47,1.0975,2120920.91,1.1184,1955688.6,1.1394,13708.42,0.0074,15433.64,0.0079,1851777.61,0.8024,1188440.32,0.5354,18661.71,0.0086,19425.3,0.0062,39609.5,0.0109,42684.12,0.0118,7849.39,0.0125
210,TOGO,65620.17,0.078,77157.73,0.0913,324.03,0.0003,173489.05,0.1183,2031024.16,1.2427,2243108.17,1.1775,1992.33,0.0011,2235.1,0.0013,1196655.93,0.647,1044000.2,0.5336,15628.32,0.0068,16663.29,0.0075,1139361.27,0.5277,2248060.7,0.7143,3157853.8,0.872,3826430.09,1.0572,549492.59,0.8784
223,UKRAINE,180771.03,0.215,136124.32,0.161,6561988.75,5.7715,236233.51,0.1611,19674080.47,12.0381,23658980.41,12.4193,338988.59,0.1788,373116.92,0.2174,5718181.76,3.0919,6243140.13,3.191,21021093.32,9.109,20423782.22,9.2005,543337.95,0.2517,970701.37,0.3085,63015151.31,17.4001,64176635.11,17.7318,19225.6,0.0307
224,UNION OF SERBIA & MONTENEGRO,6382.94,0.0076,6057.16,0.0072,38834.77,0.0342,19783.76,0.0135,253216.92,0.1549,321688.11,0.1689,212821.35,0.1122,169664.47,0.0988,28300800.88,15.3024,30860269.1,15.7731,6510479.78,2.8212,6188224.21,2.7877,77429.11,0.0359,112322.0,0.0357,449546.75,0.1241,420533.05,0.1162,496650.44,0.7939
225,UNSPECIFIED,2031903.63,2.4168,1961967.89,2.3204,27464.13,0.0242,7693573.45,5.2481,283140.72,0.1732,293117.05,0.1539,4070.06,0.0021,878.57,0.0005,331545.85,0.1793,343072.19,0.1753,36648039.35,15.8806,37616554.11,16.9455,714.99,0.0003,246.12,0.0001,106502.35,0.0294,143465.66,0.0396,19883.31,0.0318
226,URUGUAY,29728.79,0.0354,22875.58,0.0271,1130.75,0.001,67549.83,0.0461,38695.33,0.0237,18213.49,0.0096,2529718.89,1.334,1621406.64,0.9447,208005.94,0.1125,212814.44,0.1088,405783.27,0.1758,440613.31,0.1985,207190.56,0.096,202305.81,0.0643,2448253.58,0.676,2472621.68,0.6832,51.86,0.0001
